BinIndex;BinRange;Count
Bin0;0.0000000000-162.9000000000;95
Bin1;162.9000000000-325.8000000000;3
Bin2;325.8000000000-488.7000000000;0
Bin3;488.7000000000-651.6000000000;0
Bin4;651.6000000000-814.5000000000;0
Bin5;814.5000000000-977.4000000000;0
Bin6;977.4000000000-1140.3000000000;0
Bin7;1140.3000000000-1303.2000000000;0
Bin8;1303.2000000000-1466.1000000000;1
Bin9;1466.1000000000-1629.0000000000;1
