datasetName;distribution;geometry;x1;y1;x2;y2;num_features;max_seg;num_points;avg_area;avg_side_length_0;avg_side_length_1;E0;E2
dataset0001;uniform;box;0.26444899;0.26444899;2.22646691;8.251590397;2018653;4;547338;0.04232516;0.105787933;0.0002090000000;;
dataset1001;diagonal;box;2.864819058;2.284166127;9.246714591;6.012035112;2015848;4;219712;0.030349208;0.018564115;0.0000216000000;;
dataset1201;gaussian;box;0.758088727;7.36956133;6.516728277;8.606443353;1944437;4;555495;0.017720486;0.003748683;0.0000014900000;;
dataset1401;parcel;box;2.770988768;3.785261244;7.299451678;6.084873609;1896178;4;24713;9.88E-04;6.27E-04;0.0000001610000;;
dataset1601;bit;box;2.109981199;4.799905533;14.12200755;9.688800215;2212744;4;76457;0.039373914;0.016287609;0.0000469000000;;
dataset1801;sierpinski;box;2.207888375;4.02936252;8.83603244;6.630644962;1911289;4;163701;0.066888972;0.031164957;0.0000898000000;;
