BinIndex;BinRange;Count
Bin0;0.0000000000-0.0086662000;0
Bin1;0.0086662000-0.0173324000;10
Bin2;0.0173324000-0.0259986000;10
Bin3;0.0259986000-0.0346648000;10
Bin4;0.0346648000-0.0433310000;12
Bin5;0.0433310000-0.0519972000;10
Bin6;0.0519972000-0.0606634000;10
Bin7;0.0606634000-0.0693296000;30
Bin8;0.0693296000-0.0779958000;28
Bin9;0.0779958000-0.0866620000;2
