BinIndex;BinRange;Count
Bin0;0.0000000000-0.0312827900;99568
Bin1;0.0312827900-0.0625655800;347
Bin2;0.0625655800-0.0938483700;57
Bin3;0.0938483700-0.1251311600;11
Bin4;0.1251311600-0.1564139500;6
Bin5;0.1564139500-0.1876967400;4
Bin6;0.1876967400-0.2189795300;5
Bin7;0.2189795300-0.2502623200;1
Bin8;0.2502623200-0.2815451100;0
Bin9;0.2815451100-0.3128279051;1
