BinIndex;BinRange;Count
Bin0;0.0000000000-37191.0000000000;0
Bin1;37191.0000000000-74382.0000000000;27
Bin2;74382.0000000000-111573.0000000000;65
Bin3;111573.0000000000-148764.0000000000;42
Bin4;148764.0000000000-185955.0000000000;16
