cardinality;mbrTests;totalExecutionTime
0.771963381757238;0.771963381757238;0.771963381757238
