cardinality;mbrTests;totalExecutionTime
0.9373471914103303;0.9372648011267803;0.9372648011267805
