cardinality;executionTime;mbrTests
0.9373471914103303;0.9372648011267805;0.9372648011267803
