BinIndex;BinRange;Count
Bin0;0.0000000000-0.0813000000;0
Bin1;0.0813000000-0.1626000000;0
Bin2;0.1626000000-0.2439000000;0
Bin3;0.2439000000-0.3252000000;0
Bin4;0.3252000000-0.4065000000;0
Bin5;0.4065000000-0.4878000000;0
Bin6;0.4878000000-0.5691000000;0
Bin7;0.5691000000-0.6504000000;0
Bin8;0.6504000000-0.7317000000;0
Bin9;0.7317000000-0.8130000000;1
