BinIndex;BinRange;Count
Bin0;0.0000000000-0.1000000000;0
Bin1;0.1000000000-0.2000000000;0
Bin2;0.2000000000-0.3000000000;0
Bin3;0.3000000000-0.4000000000;0
Bin4;0.4000000000-0.5000000000;0
Bin5;0.5000000000-0.6000000000;0
Bin6;0.6000000000-0.7000000000;0
Bin7;0.7000000000-0.8000000000;0
Bin8;0.8000000000-0.9000000000;0
Bin9;0.9000000000-1.0000000000;3
