datasetName;numQuery;queryArea;minX;minY;maxX;maxY;areaint;cardinality;executionTime;mbrTests;cardinality_class
dataset1;10;835.2099999999999;0.1;0.1;29.0;29.0;835.2099999999999;1.0;1594;500000;0.9000000000-1.0000000000
dataset2;15;479.61;0.1;0.1;22.0;22.0;479.61;1.0;1880;500000;0.9000000000-1.0000000000
dataset3;19;661.81;0.1;0.1;29.0;23.0;661.81;1.0;1624;500000;0.9000000000-1.0000000000
