BinIndex;BinRange;Count
Bin0;0.0000000000-0.0145610000;0
Bin1;0.0145610000-0.0291220000;41
Bin2;0.0291220000-0.0436830000;30
Bin3;0.0436830000-0.0582440000;41
Bin4;0.0582440000-0.0728050000;40
Bin5;0.0728050000-0.0873660000;21
