BinIndex;BinRange;Count
Bin0;0.0000000000-1040.9000000000;0
Bin1;1040.9000000000-2081.8000000000;6
Bin2;2081.8000000000-3122.7000000000;15
Bin3;3122.7000000000-4163.6000000000;17
Bin4;4163.6000000000-5204.5000000000;24
Bin5;5204.5000000000-6245.4000000000;15
Bin6;6245.4000000000-7286.3000000000;9
Bin7;7286.3000000000-8327.2000000000;9
Bin8;8327.2000000000-9368.1000000000;4
Bin9;9368.1000000000-10409.0000000000;1
