BinIndex;BinRange;Count
Bin0;0.0000000000-50000.0000000000;0
Bin1;50000.0000000000-100000.0000000000;0
Bin2;100000.0000000000-150000.0000000000;0
Bin3;150000.0000000000-200000.0000000000;0
Bin4;200000.0000000000-250000.0000000000;0
Bin5;250000.0000000000-300000.0000000000;0
Bin6;300000.0000000000-350000.0000000000;0
Bin7;350000.0000000000-400000.0000000000;0
Bin8;400000.0000000000-450000.0000000000;0
Bin9;450000.0000000000-500000.0000000000;3
