avg_area;avg_side_length_0;avg_side_length_1;E2
0.02658920457823436;0.0;0.0;0.21032462987367634
