cardinality;executionTime;mbrTests
0.5381730511329282;0.48966651470457573;0.5778685793786466
