cardinality;executionTime;mbrTests
0.23903609845918475;0.4337520088246342;0.5178435206337446
