cardinality;executionTime;mbrTests
0.607359868041214;0.6286634500694167;0.5224604994075189
