BinIndex;BinRange;Count
Bin0;0.0000000000-240.8000000000;147
Bin1;240.8000000000-481.6000000000;0
Bin2;481.6000000000-722.4000000000;0
Bin3;722.4000000000-963.2000000000;0
Bin4;963.2000000000-1204.0000000000;3
