datasetName;numQuery;queryArea;minX;minY;maxX;maxY;areaint;cardinality;executionTime;mbrTests;executionTime_class
dataset1;1000;999800.01;0.1;0.1;1000.0;1000.0;999800.01;1.0;1459;500000;1453.9200000000-1491.2000000000
dataset2;1000;999800.01;0.1;0.1;1000.0;1000.0;999800.01;1.0;1864;500000;1826.7200000000-1864.0000000000
dataset3;1000;999800.01;0.1;0.1;1000.0;1000.0;999800.01;1.0;1625;500000;1603.0400000000-1640.3200000000
