datasetName;numQuery;queryArea;minX;minY;maxX;maxY;areaint;cardinality;executionTime;mbrTests;mbrTests_class
dataset1;1000;999800.01;0.1;0.1;1000.0;1000.0;999800.01;1.0;1459;500000;499500.0000000000-500000.0000000000
dataset2;1000;999800.01;0.1;0.1;1000.0;1000.0;999800.01;1.0;1864;500000;499500.0000000000-500000.0000000000
dataset3;1000;999800.01;0.1;0.1;1000.0;1000.0;999800.01;1.0;1625;500000;499500.0000000000-500000.0000000000
