BinIndex;BinRange;Count
Bin0;0.0000000000-0.0070735700;5
Bin1;0.0070735700-0.0141471400;11
Bin2;0.0141471400-0.0212207100;9
Bin3;0.0212207100-0.0282942800;10
Bin4;0.0282942800-0.0353678500;12
Bin5;0.0353678500-0.0424414100;9
Bin6;0.0424414100-0.0495149800;15
Bin7;0.0495149800-0.0565885500;13
Bin8;0.0565885500-0.0636621200;10
Bin9;0.0636621200-0.0707356912;6
