BinIndex;BinRange;Count
Bin0;0.0000000000-0.0086233300;5
Bin1;0.0086233300-0.0172466700;11
Bin2;0.0172466700-0.0258700000;14
Bin3;0.0258700000-0.0344933300;10
Bin4;0.0344933300-0.0431166700;16
Bin5;0.0431166700-0.0517400000;10
Bin6;0.0517400000-0.0603633300;14
Bin7;0.0603633300-0.0689866700;6
Bin8;0.0689866700-0.0776100000;13
Bin9;0.0776100000-0.0862333333;1
