cardinality;executionTime;mbrTests
0.771963381757238;0.771963381757238;0.771963381757238
