avg_area;avg_side_length_0;avg_side_length_1;E2
0.5849625007211551;0.0;0.0;0.6736965594166205
